{"entities":{"pages":{"Overview":{"id":"Overview","title":"Overview","url":"overview.html","level":0,"tabIndex":0},"Installation":{"id":"Installation","title":"Installation","url":"installation.html","level":0,"tabIndex":1},"Usage":{"id":"Usage","title":"Usage","url":"usage.html","level":0,"tabIndex":2},"Documentation":{"id":"Documentation","title":"Documentation","url":"documentation.html","level":0,"pages":["Configuration","Youtube","TikTok"],"tabIndex":3},"Configuration":{"id":"Configuration","title":"Configuration","url":"configuration.html","level":1,"parentId":"Documentation","tabIndex":0},"Youtube":{"id":"Youtube","title":"YouTube Shorts Automater","url":"youtube.html","level":1,"parentId":"Documentation","tabIndex":1},"TikTok":{"id":"TikTok","title":"TikTok Video Automater","url":"tiktok.html","level":1,"parentId":"Documentation","tabIndex":2},"Versions":{"id":"Versions","title":"Editions","url":"versions.html","level":0,"pages":["CocoBotPlus","CocoBotPremium","Contributing"],"tabIndex":4},"CocoBotPlus":{"id":"CocoBotPlus","title":"CocoBotPlus","url":"cocobotplus.html","level":1,"parentId":"Versions","tabIndex":0},"CocoBotPremium":{"id":"CocoBotPremium","title":"CocoBotPremium","url":"cocobotpremium.html","level":1,"parentId":"Versions","tabIndex":1},"Contributing":{"id":"Contributing","title":"Contributing","url":"contributing.html","level":1,"parentId":"Versions","tabIndex":2},"RoadMap":{"id":"RoadMap","title":"RoadMap","url":"roadmap.html","level":0,"tabIndex":5},"cocobot":{"id":"cocobot","title":"About CocoBot","url":"cocobot.html","level":0,"tabIndex":6},"License":{"id":"License","title":"MIT License","url":"license.html","level":0,"tabIndex":7}}},"topLevelIds":["Overview","Installation","Usage","Documentation","Versions","RoadMap","cocobot","License"]}